S_NO,NAME,MATHS_ATT,CT_ATT,DE_ATT,CPP_ATT,COE_ATT,MATHS_SCORE,CT_SCORE,DE_SCORE,CPP_SCORE,STUDENT_PROFILE
1,Ajith1,52,68,86,69,75,80,94,44,71,Inconsistent Learner
2,Vijay45,79,62,49,82,73,44,65,80,43,Inconsistent Learner
3,Sabereesh62,84,95,46,79,40,70,94,94,77,Theoretical Learner
4,Pooja34,52,98,85,40,63,53,58,44,38,Inconsistent Learner
5,Vijay24,99,90,50,76,68,75,54,69,44,Inconsistent Learner
6,Neha55,70,41,61,87,57,30,42,81,87,Inconsistent Learner
7,Arjun64,49,48,86,73,57,36,71,64,54,Inconsistent Learner
8,Ajay99,81,92,66,77,90,41,95,68,81,Inconsistent Learner
9,Pennesh1,69,62,55,57,37,43,99,66,73,Inconsistent Learner
10,Sneha85,93,95,93,76,33,96,39,76,80,Inconsistent Learner
11,Sneha50,69,68,81,84,33,62,67,47,87,Inconsistent Learner
12,Sabereesh82,54,88,63,88,91,80,56,53,83,Practical Learner
13,Balkies81,94,87,71,82,66,49,95,93,98,Inconsistent Learner
14,Pooja92,77,58,61,41,92,71,51,39,68,Practical Learner
15,Ajith76,56,68,58,95,37,95,91,88,43,Inconsistent Learner
16,Amit91,71,46,42,62,78,92,56,43,78,Inconsistent Learner
17,Amit26,53,82,44,70,76,60,94,74,69,Inconsistent Learner
18,Sneha46,70,72,45,42,82,80,94,34,51,Practical Learner
19,Pooja45,59,89,45,62,48,93,62,61,85,Inconsistent Learner
20,Priya17,92,82,65,93,52,60,37,94,40,Struggling Academically
21,Siva94,96,57,76,68,46,61,36,34,68,Inconsistent Learner
22,Ajay78,83,74,95,69,35,32,87,84,61,Inconsistent Learner
23,Kavinaya51,99,93,55,78,68,80,92,52,70,Inconsistent Learner
24,Siva2,74,47,65,41,65,44,33,66,84,Inconsistent Learner
25,Mitul26,68,72,66,80,51,53,74,57,80,Inconsistent Learner
26,Arjun66,48,50,82,71,89,42,43,87,96,Practical Learner
27,Neha54,70,86,97,84,31,81,42,95,32,Inconsistent Learner
28,Amit47,88,86,92,41,33,63,79,72,68,Inconsistent Learner
29,Kavinaya42,71,85,48,40,89,46,71,93,86,Inconsistent Learner
30,Kavinaya69,61,91,53,60,83,90,47,40,78,Practical Learner
31,Neha49,59,49,64,80,30,81,76,42,48,Inconsistent Learner
32,Ajay56,55,81,65,96,48,30,58,81,70,Inconsistent Learner
33,Mitul50,69,48,73,42,59,32,50,33,36,Needs Motivation
34,Vikram24,91,47,52,65,82,76,93,53,45,Practical Learner
35,Vijay68,91,54,67,74,86,83,42,30,69,Practical Learner
36,Arjun73,74,61,44,69,72,65,42,72,99,Inconsistent Learner
37,Amit58,63,41,62,45,50,63,87,81,56,Inconsistent Learner
38,Karan11,44,82,56,53,61,33,57,88,97,Inconsistent Learner
39,Ajith37,75,45,49,90,66,71,51,97,58,Inconsistent Learner
40,Priya18,54,42,52,67,59,63,37,59,42,Needs Motivation
41,Ajay94,97,72,54,68,32,36,59,55,65,Inconsistent Learner
42,Pradhik74,50,87,66,44,82,32,77,52,92,Practical Learner
43,Vikram8,88,90,74,73,37,77,61,87,74,Inconsistent Learner
44,Arjun39,65,73,60,49,96,92,96,48,63,Inconsistent Learner
45,Pooja48,55,96,48,82,34,30,73,61,55,Inconsistent Learner
46,Karan13,91,65,96,83,74,75,84,98,82,Inconsistent Learner
47,Vikram27,57,53,67,86,77,39,70,72,96,Inconsistent Learner
48,Pooja10,56,58,78,75,31,58,90,81,50,Inconsistent Learner
49,Pradhik81,70,99,67,61,34,60,97,83,89,Theoretical Learner
50,Pennesh58,72,56,99,40,81,77,83,61,64,Inconsistent Learner
51,Amit39,42,88,81,48,97,87,35,94,47,Practical Learner
52,Rahul30,58,90,44,58,54,65,64,46,84,Inconsistent Learner
53,Kavinaya49,68,68,95,55,49,40,93,83,37,Inconsistent Learner
54,Amit19,44,72,85,87,32,32,80,44,82,Inconsistent Learner
55,Sneha98,54,85,62,49,56,45,94,78,82,Inconsistent Learner
56,Rahul18,81,80,80,95,51,58,69,71,36,Struggling Academically
57,Balkies67,62,47,47,47,63,31,59,62,61,Inconsistent Learner
58,Sabereesh99,56,93,87,43,86,53,35,87,45,Practical Learner
59,Priya81,54,54,98,92,82,89,70,80,97,Inconsistent Learner
60,Balkies4,71,40,60,78,86,45,81,41,55,Practical Learner
61,Balkies18,45,45,53,86,70,51,84,53,56,Inconsistent Learner
62,Sneha87,86,60,82,57,36,52,94,81,32,Inconsistent Learner
63,Siva43,44,76,47,92,75,75,31,78,84,Inconsistent Learner
64,Balkies76,66,57,86,79,96,70,58,60,93,Inconsistent Learner
65,Priya13,88,73,94,95,82,43,43,57,64,Struggling Academically
66,Pennesh27,48,79,98,76,46,72,46,62,92,Inconsistent Learner
67,Ajith56,68,71,76,74,95,58,83,80,89,Inconsistent Learner
68,Pooja14,91,63,68,51,33,75,65,47,60,Inconsistent Learner
69,Amit65,51,49,94,71,34,96,79,33,91,Inconsistent Learner
70,Amit8,87,95,94,69,60,73,30,97,69,Inconsistent Learner
71,Pennesh27,90,90,78,95,65,61,49,99,53,Inconsistent Learner
72,Rahul18,79,44,87,91,63,51,47,61,35,Inconsistent Learner
73,Balkies95,97,65,54,54,47,58,75,56,58,Inconsistent Learner
74,Ajay18,85,59,85,40,95,61,77,72,41,Practical Learner
75,Pooja66,42,63,88,97,70,93,60,76,55,Inconsistent Learner
76,Pooja34,72,52,63,63,93,80,76,31,44,Practical Learner
77,Amit18,41,49,70,72,64,95,85,63,51,Inconsistent Learner
78,Amit68,55,63,98,69,40,69,77,51,99,Inconsistent Learner
79,Pennesh27,88,50,51,98,58,53,30,94,63,Inconsistent Learner
80,Riya23,52,69,81,75,70,83,64,36,76,Inconsistent Learner
81,Priya29,82,88,59,96,65,70,70,58,98,Inconsistent Learner
82,Rahul5,88,60,72,52,77,51,72,71,46,Inconsistent Learner
83,Arjun19,73,43,53,61,35,57,53,94,56,Inconsistent Learner
84,Riya66,64,73,83,55,92,76,53,46,70,Practical Learner
85,Siva74,87,54,58,86,55,96,88,84,45,Inconsistent Learner
86,Ajay44,65,94,40,98,71,58,54,97,70,Inconsistent Learner
87,Mitul11,95,46,52,43,31,99,51,57,42,Inconsistent Learner
88,Sneha25,89,94,73,64,88,96,35,60,83,Inconsistent Learner
89,Pradhik13,59,84,46,79,30,45,63,92,47,Inconsistent Learner
90,Priya58,73,48,65,59,48,71,67,49,36,Inconsistent Learner
91,Vikram94,61,70,45,46,39,45,60,63,42,Needs Motivation
92,Vijay75,70,98,71,95,53,51,30,34,43,Struggling Academically
93,Riya52,86,72,77,74,63,70,47,90,32,Inconsistent Learner
94,Pennesh37,65,53,93,97,78,71,58,64,49,Inconsistent Learner
95,Amit76,79,44,88,79,57,88,46,82,71,Inconsistent Learner
96,Vijay38,66,94,96,95,52,42,59,79,52,Struggling Academically
97,Sabereesh18,45,79,89,51,65,95,82,84,93,Inconsistent Learner
98,Amit80,77,58,71,98,51,81,92,41,37,Inconsistent Learner
99,Vijay17,98,92,93,62,89,32,51,57,74,Struggling Academically
100,Karan76,89,94,75,95,38,84,52,89,76,Inconsistent Learner
101,Sneha50,78,41,55,84,64,76,49,76,80,Inconsistent Learner
102,Balkies88,90,45,48,91,39,37,45,45,67,Inconsistent Learner
103,Amit98,93,55,93,93,32,34,59,59,83,Struggling Academically
104,Riya32,67,42,75,58,99,31,55,91,66,Practical Learner
105,Rahul62,47,80,71,49,33,86,99,42,37,Inconsistent Learner
106,Neha19,65,77,40,83,69,30,67,37,31,Inconsistent Learner
107,Amit41,89,43,86,78,88,53,90,70,76,Inconsistent Learner
108,Mitul45,98,74,40,82,31,86,53,35,85,Inconsistent Learner
109,Priya70,42,63,76,93,54,85,71,39,74,Inconsistent Learner
110,Balkies12,80,72,46,68,93,31,84,42,73,Practical Learner
111,Vijay24,90,47,75,72,87,57,75,87,82,Inconsistent Learner
112,Kavinaya33,80,42,79,84,66,84,89,97,80,Inconsistent Learner
113,Pennesh14,53,79,65,87,65,99,38,30,79,Inconsistent Learner
114,Balkies8,86,40,62,98,90,71,46,78,77,Practical Learner
115,Pooja44,59,75,95,80,57,33,83,43,97,Inconsistent Learner
116,Amit43,80,89,71,51,77,89,50,81,95,Inconsistent Learner
117,Ajith6,59,67,57,55,54,35,50,75,70,Needs Motivation
118,Vikram63,78,63,52,56,31,44,66,76,73,Inconsistent Learner
119,Riya30,45,72,44,87,96,48,49,98,95,Inconsistent Learner
120,Karan17,40,72,98,51,75,95,95,78,62,Inconsistent Learner
121,Arjun92,44,62,77,58,85,99,40,34,96,Practical Learner
122,Siva89,75,93,78,42,32,64,93,49,52,Inconsistent Learner
123,Pennesh51,82,82,87,78,33,77,47,52,32,Struggling Academically
124,Sneha67,79,87,92,80,38,87,53,98,99,Theoretical Learner
125,Sabereesh9,45,96,85,40,50,30,71,44,41,Inconsistent Learner
126,Siva11,98,80,73,86,72,38,95,95,34,Inconsistent Learner
127,Karan90,84,53,68,77,49,88,50,47,45,Inconsistent Learner
128,Siva27,80,73,70,93,62,71,42,69,92,Inconsistent Learner
129,Balkies94,91,69,71,78,63,66,34,48,40,Inconsistent Learner
130,Riya1,79,77,81,40,52,60,36,85,86,Inconsistent Learner
131,Siva29,97,63,40,88,79,98,54,80,88,Inconsistent Learner
132,Karan97,95,41,96,93,35,33,40,72,68,Struggling Academically
133,Arjun50,86,47,51,80,48,99,35,69,46,Inconsistent Learner
134,Kavinaya18,73,74,96,78,41,91,62,98,40,Inconsistent Learner
135,Vikram70,76,63,95,67,45,38,69,82,39,Inconsistent Learner
136,Balkies69,64,57,49,78,81,32,52,43,57,Practical Learner
137,Mitul71,46,70,78,59,72,62,82,69,67,Inconsistent Learner
138,Vijay16,96,96,95,51,65,47,34,92,62,Struggling Academically
139,Amit21,69,97,45,83,48,54,32,93,95,Inconsistent Learner
140,Kavinaya22,44,89,95,40,93,78,63,54,89,Inconsistent Learner
141,Ajith86,73,84,49,76,37,91,67,37,63,Inconsistent Learner
142,Balkies55,69,43,92,78,61,34,72,50,55,Inconsistent Learner
143,Arjun79,44,84,43,95,79,80,75,40,39,Inconsistent Learner
144,Vikram92,41,78,83,82,95,90,41,67,68,Practical Learner
145,Rahul3,93,55,53,55,66,38,58,94,49,Inconsistent Learner
146,Vijay6,97,64,97,98,49,48,63,91,41,Inconsistent Learner
147,Karan6,43,83,94,97,70,83,55,69,50,Inconsistent Learner
148,Pennesh79,96,69,60,55,70,78,34,60,48,Inconsistent Learner
149,Pradhik40,44,55,45,44,69,36,90,95,88,Inconsistent Learner
150,Arjun51,94,44,46,84,65,44,56,42,63,Inconsistent Learner
151,Vikram13,86,50,46,72,79,49,33,51,30,Inconsistent Learner
152,Pooja4,42,86,40,46,35,30,47,64,68,Needs Motivation
153,Vijay29,68,78,58,52,61,47,37,96,49,Inconsistent Learner
154,Riya69,80,42,52,55,92,41,67,75,88,Practical Learner
155,Sneha96,81,63,53,82,95,90,84,64,50,Inconsistent Learner
156,Vijay50,76,41,46,94,94,72,99,35,30,Practical Learner
157,Rahul39,58,88,71,89,79,60,68,70,52,Inconsistent Learner
158,Pennesh59,68,75,90,61,54,48,97,67,89,Inconsistent Learner
159,Ajay17,76,94,58,81,61,38,62,72,66,Inconsistent Learner
160,Pooja73,88,84,49,87,75,38,54,86,98,Inconsistent Learner
161,Karan8,60,77,71,93,60,58,96,78,79,Inconsistent Learner
162,Karan82,63,42,51,91,69,52,99,59,67,Inconsistent Learner
163,Balkies36,50,95,78,72,30,80,80,82,48,Inconsistent Learner
164,Mitul46,45,46,53,85,68,35,69,74,85,Inconsistent Learner
165,Mitul4,77,67,73,45,80,34,87,42,95,Practical Learner
166,Pooja9,40,50,69,99,72,67,71,32,54,Inconsistent Learner
167,Pooja34,94,69,98,50,93,51,85,97,65,Inconsistent Learner
168,Balkies38,44,77,49,59,49,46,45,67,66,Needs Motivation
169,Sneha36,75,67,85,81,70,50,56,34,92,Inconsistent Learner
170,Pooja36,83,60,66,98,48,93,72,40,55,Inconsistent Learner
171,Sneha76,40,88,90,57,77,76,33,77,81,Inconsistent Learner
172,Vijay7,75,52,78,52,99,39,33,67,43,Practical Learner
173,Ajay36,94,75,66,75,81,68,38,79,95,Inconsistent Learner
174,Neha43,67,72,96,95,59,99,36,96,72,Inconsistent Learner
175,Siva59,90,91,66,61,83,94,79,35,43,Inconsistent Learner
176,Siva52,63,87,98,74,77,44,44,86,30,Struggling Academically
177,Kavinaya34,71,48,93,82,52,97,49,51,62,Inconsistent Learner
178,Mitul52,99,82,46,91,67,84,96,80,42,Inconsistent Learner
179,Pennesh66,60,93,45,70,69,69,87,95,40,Inconsistent Learner
180,Priya79,88,55,73,51,73,80,99,56,72,Inconsistent Learner
181,Karan86,78,56,42,80,57,68,39,95,66,Inconsistent Learner
182,Pennesh20,68,69,70,60,79,73,57,97,89,Inconsistent Learner
183,Neha34,61,40,40,55,44,90,43,43,98,Inconsistent Learner
184,Balkies14,70,88,55,57,44,97,52,88,52,Inconsistent Learner
185,Karan80,79,53,96,43,35,31,30,81,49,Inconsistent Learner
186,Amit44,44,59,70,77,58,52,61,35,49,Inconsistent Learner
187,Siva32,58,59,74,83,30,41,80,91,30,Inconsistent Learner
188,Rahul98,92,80,99,87,55,61,57,32,51,Struggling Academically
189,Neha80,79,89,59,78,54,52,62,42,44,Inconsistent Learner
190,Ajith48,48,44,49,57,35,35,56,93,50,Needs Motivation
191,Vijay23,89,96,71,53,98,76,50,85,51,Inconsistent Learner
192,Pradhik38,62,97,60,98,31,74,98,64,73,Inconsistent Learner
193,Pradhik69,83,50,95,78,68,70,75,84,64,Inconsistent Learner
194,Sabereesh69,99,91,50,62,81,48,72,81,34,Inconsistent Learner
195,Pooja46,95,91,45,88,40,54,65,77,75,Inconsistent Learner
196,Priya37,57,85,47,59,59,79,79,60,61,Inconsistent Learner
197,Balkies1,82,97,68,95,31,48,85,86,87,Inconsistent Learner
198,Ajay24,48,84,67,46,49,82,98,71,55,Inconsistent Learner
199,Karan46,99,51,43,45,33,50,82,88,45,Inconsistent Learner
200,Neha62,83,58,59,61,33,49,68,87,34,Inconsistent Learner
201,Vijay20,42,85,78,48,37,65,80,58,99,Inconsistent Learner
202,Balkies32,69,62,59,90,82,55,53,52,43,Practical Learner
203,Priya72,59,53,76,60,67,41,84,68,89,Inconsistent Learner
204,Balkies91,63,42,83,95,66,63,40,35,59,Inconsistent Learner
205,Pennesh25,86,93,94,96,36,59,37,51,44,Struggling Academically
206,Vijay9,44,54,79,60,33,77,37,74,59,Inconsistent Learner
207,Arjun35,44,88,52,61,98,51,80,52,83,Practical Learner
208,Pooja91,92,51,74,60,80,63,69,86,72,Inconsistent Learner
209,Sabereesh57,56,65,70,75,42,82,48,58,76,Inconsistent Learner
210,Riya34,64,47,49,52,52,81,43,57,52,Needs Motivation
211,Pennesh47,44,95,77,49,99,60,38,86,98,Inconsistent Learner
212,Ajith38,64,83,67,65,39,71,70,53,61,Inconsistent Learner
213,Ajay5,62,42,67,49,92,78,34,74,95,Inconsistent Learner
214,Neha31,80,68,72,75,44,54,98,41,30,Inconsistent Learner
215,Mitul44,75,44,99,54,32,88,40,87,31,Inconsistent Learner
216,Kavinaya55,79,95,74,76,38,70,39,30,33,Struggling Academically
217,Neha65,89,77,45,66,84,64,87,88,86,Inconsistent Learner
218,Siva9,77,61,93,94,40,72,91,99,39,Inconsistent Learner
219,Ajay67,59,72,65,88,68,82,92,76,80,Inconsistent Learner
220,Pennesh5,58,93,81,50,42,54,95,87,54,Inconsistent Learner
221,Karan33,47,57,69,61,97,55,81,46,78,Practical Learner
222,Kavinaya27,74,44,96,47,32,68,33,36,45,Inconsistent Learner
223,Ajay70,95,80,48,53,87,58,39,98,58,Practical Learner
224,Arjun82,80,43,61,72,53,34,34,62,39,Inconsistent Learner
225,Sabereesh68,48,91,59,70,40,51,78,93,87,Inconsistent Learner
226,Vijay62,76,50,63,40,78,80,44,74,96,Inconsistent Learner
227,Kavinaya85,83,56,53,62,72,67,31,99,53,Inconsistent Learner
228,Ajith59,76,97,80,78,60,47,84,50,96,Inconsistent Learner
229,Pradhik52,59,78,59,62,76,47,96,96,55,Inconsistent Learner
230,Amit30,59,94,82,46,62,45,58,33,78,Inconsistent Learner
231,Riya6,53,69,59,73,58,92,88,78,95,Theoretical Learner
232,Kavinaya40,95,58,55,61,73,41,44,74,44,Inconsistent Learner
233,Balkies97,43,79,99,44,89,49,94,73,53,Practical Learner
234,Pennesh90,67,46,91,66,68,52,78,81,56,Inconsistent Learner
235,Karan38,87,54,79,79,84,53,76,58,36,Practical Learner
236,Siva17,79,78,53,40,38,45,60,83,73,Inconsistent Learner
237,Karan27,74,61,91,55,89,75,66,33,62,Practical Learner
238,Riya26,80,98,84,99,65,92,52,71,85,Inconsistent Learner
239,Balkies56,80,76,98,74,67,35,66,35,97,Struggling Academically
240,Sneha50,78,81,82,60,63,65,73,31,32,Inconsistent Learner
241,Amit17,92,69,61,42,34,44,95,30,79,Inconsistent Learner
242,Siva40,60,63,99,79,91,93,50,75,80,Inconsistent Learner
243,Arjun44,51,84,97,72,50,93,52,39,31,Inconsistent Learner
244,Siva60,65,65,76,95,65,37,44,48,75,Inconsistent Learner
245,Vijay80,88,44,45,55,38,96,56,40,78,Inconsistent Learner
246,Riya28,86,70,92,85,92,56,72,88,74,Inconsistent Learner
247,Sabereesh23,44,67,80,83,76,46,83,53,66,Inconsistent Learner
248,Siva89,61,48,43,67,74,99,47,37,46,Inconsistent Learner
249,Rahul41,91,55,62,59,99,53,30,81,73,Practical Learner
250,Ajith75,58,69,70,47,64,74,43,70,67,Inconsistent Learner
251,Sabereesh17,62,40,72,98,44,68,42,53,86,Inconsistent Learner
252,Sabereesh28,87,82,46,81,99,98,49,31,75,Practical Learner
253,Vikram44,96,55,88,45,48,49,59,66,30,Inconsistent Learner
254,Sneha1,50,84,94,75,85,83,81,77,96,Inconsistent Learner
255,Vikram68,90,73,57,43,68,71,71,44,97,Inconsistent Learner
256,Sabereesh17,68,44,81,99,90,99,92,91,96,Inconsistent Learner
257,Vijay8,66,92,53,58,36,32,44,45,58,Inconsistent Learner
258,Karan62,73,63,66,78,68,54,81,93,71,Inconsistent Learner
259,Pennesh37,69,56,81,51,49,81,84,70,35,Inconsistent Learner
260,Kavinaya14,54,97,88,90,49,78,51,67,42,Struggling Academically
261,Vikram71,77,76,85,70,63,30,69,97,55,Inconsistent Learner
262,Priya65,91,55,96,40,99,57,44,39,47,Practical Learner
263,Pradhik4,63,93,56,71,61,97,97,41,45,Inconsistent Learner
264,Kavinaya12,96,74,56,70,65,84,34,35,76,Inconsistent Learner
265,Ajay42,49,66,54,61,34,84,39,76,79,Inconsistent Learner
266,Pradhik44,94,76,40,73,84,44,47,87,30,Practical Learner
267,Pennesh71,99,44,88,71,74,66,69,64,97,Inconsistent Learner
268,Riya12,77,72,77,66,80,98,66,35,78,Practical Learner
269,Sabereesh57,78,62,73,57,80,78,94,67,83,Inconsistent Learner
270,Arjun25,73,92,94,78,80,60,52,38,35,Struggling Academically
271,Sabereesh47,72,50,52,99,93,98,72,36,74,Inconsistent Learner
272,Riya12,81,90,42,60,32,48,50,40,63,Inconsistent Learner
273,Amit39,56,83,44,97,74,99,68,70,38,Inconsistent Learner
274,Kavinaya3,87,76,88,65,62,98,95,44,84,Inconsistent Learner
275,Riya57,82,61,91,52,57,52,97,47,58,Inconsistent Learner
276,Arjun68,52,44,76,93,95,81,92,72,88,Inconsistent Learner
277,Balkies81,69,81,48,95,65,51,68,38,39,Inconsistent Learner
278,Mitul70,82,48,82,49,86,39,45,51,86,Practical Learner
279,Amit96,67,57,71,64,92,44,91,62,40,Practical Learner
280,Rahul57,89,60,69,96,98,39,99,66,59,Inconsistent Learner
281,Sneha44,69,64,72,51,97,96,32,30,53,Practical Learner
282,Riya9,77,73,94,63,79,94,88,99,72,Inconsistent Learner
283,Rahul42,55,98,80,90,87,37,54,94,60,Inconsistent Learner
284,Sabereesh70,84,74,69,69,82,60,93,54,58,Practical Learner
285,Rahul51,45,56,94,40,42,67,62,46,42,Needs Motivation
286,Priya90,63,63,96,91,33,66,83,37,36,Inconsistent Learner
287,Amit85,97,69,91,91,69,45,42,36,38,Struggling Academically
288,Arjun91,78,46,47,98,37,57,38,50,30,Inconsistent Learner
289,Pradhik50,60,53,83,89,74,49,68,40,76,Inconsistent Learner
290,Karan85,60,92,62,63,90,58,93,60,62,Practical Learner
291,Arjun39,48,91,82,82,82,73,55,72,56,Inconsistent Learner
292,Vikram31,75,51,87,92,71,65,31,44,59,Inconsistent Learner
293,Arjun60,47,68,64,93,69,60,35,89,51,Inconsistent Learner
294,Arjun18,64,43,76,92,95,38,34,66,99,Practical Learner
295,Neha17,55,53,48,73,34,79,66,46,61,Inconsistent Learner
296,Karan63,84,58,91,40,80,63,42,52,51,Practical Learner
297,Priya18,44,61,40,40,37,83,32,67,50,Needs Motivation
298,Riya2,44,91,89,89,44,78,83,71,87,Inconsistent Learner
299,Vijay18,64,90,60,42,33,46,41,98,36,Inconsistent Learner
300,Arjun1,78,55,57,76,84,38,31,94,89,Practical Learner
301,Ajay41,62,97,59,69,65,43,40,79,63,Inconsistent Learner
302,Riya20,40,78,62,72,41,30,77,65,89,Inconsistent Learner
303,Sabereesh25,76,74,85,82,40,98,82,86,80,Theoretical Learner
304,Vikram74,44,69,74,78,67,57,99,75,53,Inconsistent Learner
305,Mitul71,85,85,45,61,44,36,49,96,59,Inconsistent Learner
306,Pooja76,66,54,41,51,54,64,92,73,51,Inconsistent Learner
307,Balkies96,78,56,79,53,31,52,81,65,42,Inconsistent Learner
308,Pooja6,52,41,47,90,54,42,78,64,48,Needs Motivation
309,Pooja7,79,61,40,43,41,94,55,99,93,Theoretical Learner
310,Arjun26,95,89,91,67,67,68,92,64,32,Inconsistent Learner
311,Vikram41,94,66,81,41,47,81,49,86,92,Inconsistent Learner
312,Balkies82,64,79,69,53,50,66,61,42,96,Inconsistent Learner
313,Sabereesh54,73,68,40,76,49,39,66,73,83,Inconsistent Learner
314,Balkies24,76,89,92,60,38,75,86,68,97,Theoretical Learner
315,Vijay16,74,95,94,42,44,40,75,73,78,Inconsistent Learner
316,Vijay36,54,41,40,56,30,90,66,79,80,Inconsistent Learner
317,Arjun56,47,70,49,49,58,56,85,84,87,Inconsistent Learner
318,Rahul45,58,76,47,91,72,71,44,89,70,Inconsistent Learner
319,Ajay43,40,40,92,57,96,65,55,34,60,Practical Learner
320,Vijay30,72,40,80,72,88,93,83,66,72,Inconsistent Learner
321,Priya69,55,97,64,51,98,83,50,59,69,Practical Learner
322,Pradhik60,93,68,98,58,41,49,87,70,33,Inconsistent Learner
323,Rahul14,73,77,82,82,39,76,44,77,41,Inconsistent Learner
324,Pennesh25,95,61,66,80,96,68,55,99,36,Inconsistent Learner
325,Pennesh9,57,92,97,53,96,86,91,87,75,Inconsistent Learner
326,Priya43,72,45,62,57,36,99,42,53,47,Inconsistent Learner
327,Vijay39,79,45,51,56,32,91,61,99,42,Inconsistent Learner
328,Karan75,94,63,42,43,90,32,69,84,39,Practical Learner
329,Neha53,71,80,53,97,84,75,92,78,87,Inconsistent Learner
330,Sneha98,75,80,59,95,35,47,51,54,65,Inconsistent Learner
331,Vijay46,83,91,86,81,96,97,93,77,50,Inconsistent Learner
332,Ajith97,49,68,83,85,63,79,45,31,88,Inconsistent Learner
333,Priya23,84,92,84,70,63,98,92,71,90,Inconsistent Learner
334,Sneha66,58,92,55,65,73,91,62,37,67,Inconsistent Learner
335,Vikram12,43,52,92,74,57,76,31,94,56,Inconsistent Learner
336,Pooja39,91,83,58,99,99,35,49,93,96,Inconsistent Learner
337,Amit92,53,58,74,88,91,91,35,78,97,Inconsistent Learner
338,Mitul80,40,73,42,88,48,31,92,60,75,Inconsistent Learner
339,Kavinaya70,61,97,75,57,37,89,33,36,50,Inconsistent Learner
340,Arjun80,71,59,44,78,38,32,93,49,48,Inconsistent Learner
341,Riya51,73,80,99,45,35,40,45,30,87,Inconsistent Learner
342,Riya24,78,52,76,83,80,73,66,36,37,Practical Learner
343,Rahul13,94,58,54,57,89,71,45,35,89,Practical Learner
344,Rahul53,52,56,92,88,82,49,55,48,82,Practical Learner
345,Mitul94,62,90,89,50,64,36,79,50,50,Inconsistent Learner
346,Balkies22,40,76,51,52,56,97,65,93,79,Theoretical Learner
347,Arjun88,75,45,54,54,44,36,88,98,49,Inconsistent Learner
348,Karan46,80,74,56,90,36,85,89,93,55,Theoretical Learner
349,Pennesh86,89,97,67,47,30,95,46,36,96,Inconsistent Learner
350,Siva23,64,92,55,71,69,44,67,85,71,Inconsistent Learner
351,Ajith84,99,86,67,84,76,56,88,75,47,Inconsistent Learner
352,Neha10,49,69,77,97,39,31,66,60,47,Inconsistent Learner
353,Amit96,68,72,83,90,42,38,36,37,50,Inconsistent Learner
354,Siva5,67,51,55,58,67,33,37,59,65,Inconsistent Learner
355,Arjun41,71,47,45,70,39,60,88,97,48,Inconsistent Learner
356,Priya19,63,54,49,82,50,38,89,85,86,Inconsistent Learner
357,Ajith76,43,88,81,75,84,66,98,47,93,Inconsistent Learner
358,Karan75,45,53,66,69,94,93,60,66,92,Inconsistent Learner
359,Balkies16,53,99,70,63,78,65,74,68,62,Inconsistent Learner
360,Sabereesh21,65,72,65,53,64,62,68,55,90,Inconsistent Learner
361,Vikram33,86,76,60,83,74,55,66,98,36,Inconsistent Learner
362,Arjun56,42,62,85,44,72,43,32,86,85,Inconsistent Learner
363,Kavinaya18,95,44,94,54,33,76,53,79,71,Inconsistent Learner
364,Sneha44,57,77,77,66,76,61,53,84,92,Inconsistent Learner
365,Balkies65,90,76,67,91,49,83,66,77,58,Inconsistent Learner
366,Ajay61,60,85,40,87,94,69,98,51,79,Inconsistent Learner
367,Vijay7,71,91,68,51,48,97,78,48,38,Inconsistent Learner
368,Vikram11,99,80,59,82,98,43,86,76,92,Inconsistent Learner
369,Rahul45,93,42,97,70,47,78,71,37,70,Inconsistent Learner
370,Mitul57,51,70,48,79,45,80,54,65,59,Inconsistent Learner
371,Ajith51,92,52,56,91,65,94,38,79,86,Inconsistent Learner
372,Amit7,84,87,54,74,34,61,75,89,50,Inconsistent Learner
373,Kavinaya9,48,87,89,71,37,74,65,89,60,Inconsistent Learner
374,Ajith92,79,43,72,51,33,51,39,43,97,Inconsistent Learner
375,Riya17,85,47,93,84,52,97,41,57,34,Inconsistent Learner
376,Pennesh73,40,59,50,91,91,86,65,58,62,Practical Learner
377,Amit29,40,46,83,89,72,49,40,34,45,Inconsistent Learner
378,Balkies57,92,67,46,41,65,66,45,33,53,Inconsistent Learner
379,Ajith64,58,91,94,86,99,44,99,66,49,Inconsistent Learner
380,Arjun55,61,76,49,46,92,93,95,86,41,Inconsistent Learner
381,Pennesh10,50,90,53,73,58,91,31,56,85,Inconsistent Learner
382,Neha6,71,89,78,98,99,84,76,85,77,Excellent All-Rounder
383,Amit11,62,78,72,79,79,79,82,87,59,Inconsistent Learner
384,Pooja91,90,98,69,40,42,64,96,35,44,Inconsistent Learner
385,Rahul83,72,69,84,99,65,93,71,68,38,Inconsistent Learner
386,Pennesh93,98,82,63,47,63,33,34,78,40,Inconsistent Learner
387,Mitul99,79,68,68,58,53,86,65,75,42,Inconsistent Learner
388,Sabereesh76,87,76,53,74,87,81,68,69,94,Inconsistent Learner
389,Ajay10,59,86,68,94,30,58,82,35,36,Inconsistent Learner
390,Arjun34,81,42,63,73,99,36,69,63,53,Practical Learner
391,Ajay64,99,79,41,43,62,57,68,76,55,Inconsistent Learner
392,Sneha96,44,57,78,41,63,75,40,52,39,Inconsistent Learner
393,Karan13,60,85,92,64,63,99,34,56,75,Inconsistent Learner
394,Pennesh94,68,58,48,42,50,76,98,48,86,Inconsistent Learner
395,Vijay82,65,42,67,81,77,73,68,46,93,Inconsistent Learner
396,Vikram29,63,73,77,76,37,78,86,40,87,Inconsistent Learner
397,Sneha11,68,85,99,81,57,66,87,52,68,Inconsistent Learner
398,Siva5,97,43,52,58,89,81,64,46,43,Practical Learner
399,Riya3,91,80,55,90,77,47,71,86,64,Inconsistent Learner
400,Pooja60,53,72,94,43,43,48,54,73,86,Inconsistent Learner
401,Amit22,48,47,49,45,67,70,45,62,73,Inconsistent Learner
402,Siva17,78,46,42,62,93,97,42,54,56,Practical Learner
403,Pooja90,64,77,56,87,74,42,50,54,41,Inconsistent Learner
404,Kavinaya52,40,92,72,53,56,42,87,33,61,Inconsistent Learner
405,Balkies24,60,78,92,97,68,74,69,59,86,Inconsistent Learner
406,Vikram62,61,52,91,52,69,31,70,73,80,Inconsistent Learner
407,Sneha70,90,45,73,83,83,44,81,81,87,Inconsistent Learner
408,Sabereesh85,90,87,94,42,97,60,44,43,87,Inconsistent Learner
409,Balkies55,60,90,69,47,43,82,91,92,42,Inconsistent Learner
410,Kavinaya9,41,62,43,40,94,75,74,57,33,Practical Learner
411,Priya34,60,56,48,70,47,93,54,90,69,Inconsistent Learner
412,Ajith69,65,85,84,70,51,81,63,30,88,Inconsistent Learner
413,Arjun35,91,76,77,73,90,66,31,36,58,Inconsistent Learner
414,Mitul48,77,56,62,82,32,48,81,57,44,Inconsistent Learner
415,Kavinaya4,98,51,54,87,64,60,72,88,48,Inconsistent Learner
416,Mitul9,97,68,64,95,59,76,70,64,70,Inconsistent Learner
417,Ajith17,99,65,78,98,86,45,89,33,97,Inconsistent Learner
418,Pradhik73,61,41,55,89,55,94,82,98,51,Theoretical Learner
419,Pooja91,97,84,69,72,46,30,99,95,63,Inconsistent Learner
420,Ajay39,80,82,91,70,95,83,78,71,70,Inconsistent Learner
421,Mitul55,53,67,59,91,81,38,75,95,86,Inconsistent Learner
422,Pooja58,46,68,40,58,59,32,89,39,39,Needs Motivation
423,Arjun62,44,98,62,75,70,68,63,54,57,Inconsistent Learner
424,Kavinaya79,70,88,50,72,45,65,88,30,68,Inconsistent Learner
425,Pennesh82,95,96,96,78,48,93,34,60,63,Inconsistent Learner
426,Pradhik43,94,42,43,54,97,53,36,85,97,Practical Learner
427,Kavinaya85,68,64,82,77,68,61,44,51,61,Inconsistent Learner
428,Sneha81,75,60,90,44,71,54,89,36,77,Inconsistent Learner
429,Pradhik88,93,85,44,57,54,94,64,89,60,Inconsistent Learner
430,Pooja79,76,94,70,69,60,41,38,75,66,Inconsistent Learner
431,Sabereesh12,47,98,89,41,35,61,73,48,99,Inconsistent Learner
432,Riya53,78,78,62,72,45,62,77,93,36,Inconsistent Learner
433,Pooja46,74,76,99,77,40,99,51,43,83,Inconsistent Learner
434,Neha9,64,61,86,44,50,53,31,33,58,Inconsistent Learner
435,Mitul14,66,78,72,59,38,71,80,78,39,Inconsistent Learner
436,Pennesh55,75,76,47,48,69,38,33,62,63,Inconsistent Learner
437,Kavinaya73,46,52,60,86,46,37,87,66,73,Inconsistent Learner
438,Pooja97,76,90,82,69,31,43,78,92,57,Inconsistent Learner
439,Sneha16,64,98,77,97,84,66,84,44,84,Inconsistent Learner
440,Neha60,96,68,47,69,76,45,97,98,64,Inconsistent Learner
441,Siva57,80,96,79,97,80,95,48,58,31,Struggling Academically
442,Sabereesh31,97,71,91,82,81,30,98,48,99,Inconsistent Learner
443,Ajith54,79,44,58,85,67,62,82,56,63,Inconsistent Learner
444,Priya30,40,56,62,89,66,89,38,87,50,Inconsistent Learner
445,Neha62,98,41,56,96,48,42,79,37,98,Inconsistent Learner
446,Priya87,43,69,77,41,56,81,88,68,91,Theoretical Learner
447,Pooja75,52,86,58,87,73,85,91,82,51,Inconsistent Learner
448,Amit96,44,87,58,53,33,96,30,82,99,Inconsistent Learner
449,Pennesh72,68,79,68,59,68,85,84,51,67,Inconsistent Learner
450,Kavinaya39,44,87,76,47,41,37,80,40,37,Inconsistent Learner
451,Ajay59,88,41,66,58,42,54,84,83,88,Inconsistent Learner
452,Arjun49,54,84,53,52,94,92,92,44,58,Inconsistent Learner
453,Priya6,83,77,73,90,93,56,67,61,99,Inconsistent Learner
454,Siva4,81,51,52,43,66,61,35,84,82,Inconsistent Learner
455,Pradhik72,63,90,72,50,79,70,44,36,85,Inconsistent Learner
456,Pennesh96,52,72,91,45,72,38,68,52,43,Inconsistent Learner
457,Ajith84,40,80,72,67,51,96,98,70,46,Inconsistent Learner
458,Riya41,55,73,72,48,76,89,54,99,46,Inconsistent Learner
459,Vijay68,86,98,92,62,94,98,47,80,52,Inconsistent Learner
460,Pooja48,43,68,61,97,37,57,86,68,85,Inconsistent Learner
461,Riya59,42,62,76,68,70,33,68,47,98,Inconsistent Learner
462,Pennesh14,50,83,99,50,71,36,86,59,79,Inconsistent Learner
463,Ajith83,97,46,69,96,58,77,59,41,95,Inconsistent Learner
464,Rahul51,83,55,93,58,61,83,47,46,88,Inconsistent Learner
465,Amit20,68,97,42,59,98,44,46,89,98,Practical Learner
466,Mitul59,60,44,77,45,68,76,69,66,84,Inconsistent Learner
467,Sneha41,93,44,64,59,41,87,89,77,44,Inconsistent Learner
468,Pooja84,97,79,40,65,88,62,89,53,64,Practical Learner
469,Sneha15,55,76,58,45,41,54,63,99,97,Inconsistent Learner
470,Pooja54,84,66,98,94,52,96,38,35,68,Struggling Academically
471,Rahul87,69,75,58,90,84,91,53,38,49,Practical Learner
472,Balkies28,63,58,80,41,75,39,92,34,62,Inconsistent Learner
473,Vijay71,46,95,80,66,97,87,48,99,84,Inconsistent Learner
474,Riya74,91,79,68,96,95,33,57,41,64,Struggling Academically
475,Kavinaya37,83,90,60,97,49,70,86,86,54,Inconsistent Learner
476,Rahul64,96,65,82,78,73,71,37,59,43,Struggling Academically
477,Pooja86,58,69,95,61,69,59,89,90,46,Inconsistent Learner
478,Arjun56,46,52,48,84,52,49,31,98,97,Inconsistent Learner
479,Sneha39,85,53,76,78,97,34,64,94,98,Inconsistent Learner
480,Sneha76,40,51,64,72,88,33,59,59,41,Practical Learner
481,Ajith53,77,96,95,90,32,56,57,99,84,Inconsistent Learner
482,Arjun23,93,98,97,49,40,60,54,36,67,Struggling Academically
483,Arjun35,94,65,66,57,85,59,64,94,84,Inconsistent Learner
484,Rahul27,71,69,72,62,97,61,35,74,41,Practical Learner
485,Vikram84,47,51,62,63,84,75,97,78,48,Inconsistent Learner
486,Ajay60,66,77,71,42,31,35,71,62,84,Inconsistent Learner
487,Kavinaya67,72,89,59,48,43,94,37,96,47,Inconsistent Learner
488,Siva37,95,84,74,44,45,43,52,99,39,Inconsistent Learner
489,Pennesh24,86,42,47,49,95,58,91,36,41,Practical Learner
490,Vijay85,63,67,68,62,66,35,72,52,77,Inconsistent Learner
491,Neha91,97,52,65,69,33,95,74,45,77,Inconsistent Learner
492,Vikram35,45,51,52,46,46,61,89,39,35,Needs Motivation
493,Arjun91,77,91,90,41,99,91,88,61,73,Inconsistent Learner
494,Arjun63,93,75,94,68,83,85,78,77,47,Inconsistent Learner
495,Ajith59,42,65,71,62,60,69,37,52,71,Inconsistent Learner
496,Pradhik91,96,46,66,46,35,83,70,44,63,Inconsistent Learner
497,Rahul3,72,47,54,55,45,48,37,67,30,Needs Motivation
498,Ajay36,97,98,80,48,51,91,60,95,57,Inconsistent Learner
499,Riya69,66,91,82,81,47,75,81,35,60,Inconsistent Learner
500,Pooja85,88,97,40,69,99,88,32,35,34,Practical Learner
501,Ajay17,85,41,61,77,36,51,41,55,66,Inconsistent Learner
502,Mitul61,87,60,80,90,75,44,94,35,44,Inconsistent Learner
503,Arjun59,97,87,61,71,62,66,61,87,74,Inconsistent Learner
504,Siva34,41,63,54,99,42,92,96,90,83,Theoretical Learner
505,Vikram12,50,55,79,78,58,46,37,32,51,Inconsistent Learner
506,Vikram66,61,70,75,45,65,56,96,76,65,Inconsistent Learner
507,Pradhik99,90,47,70,94,56,54,49,57,78,Inconsistent Learner
508,Ajay17,95,99,41,62,68,66,78,77,99,Inconsistent Learner
509,Ajay65,51,90,90,65,34,52,33,84,38,Inconsistent Learner
510,Riya81,62,54,67,57,90,92,33,38,89,Practical Learner
511,Vijay6,45,46,51,46,49,78,90,50,98,Inconsistent Learner
512,Ajith76,73,92,65,44,73,93,49,56,40,Inconsistent Learner
513,Rahul27,70,53,92,44,91,83,81,85,38,Inconsistent Learner
514,Amit97,79,40,43,96,89,89,70,98,35,Inconsistent Learner
515,Priya96,93,84,99,42,60,86,83,79,70,Inconsistent Learner
516,Vikram60,93,80,42,40,53,48,70,68,65,Inconsistent Learner
517,Amit91,60,51,60,46,59,40,31,38,53,Needs Motivation
518,Pooja69,71,84,62,73,43,54,42,78,42,Inconsistent Learner
519,Pennesh2,55,40,41,85,44,87,34,51,47,Needs Motivation
520,Kavinaya82,70,77,44,72,59,78,46,38,65,Inconsistent Learner
521,Kavinaya41,42,64,70,82,87,54,54,61,52,Practical Learner
522,Siva5,54,61,51,68,43,75,38,88,87,Inconsistent Learner
523,Ajay6,97,67,76,64,87,59,88,67,90,Inconsistent Learner
524,Kavinaya11,82,45,44,60,73,71,45,59,48,Inconsistent Learner
525,Ajith74,99,86,95,72,41,57,98,97,89,Theoretical Learner
526,Pooja72,57,45,92,71,97,57,64,57,76,Practical Learner
527,Rahul4,78,78,98,60,78,85,96,90,74,Inconsistent Learner
528,Amit56,91,89,93,91,42,37,65,46,51,Struggling Academically
529,Riya22,94,54,52,40,72,86,70,73,62,Inconsistent Learner
530,Pooja6,80,46,77,64,50,88,84,41,95,Inconsistent Learner
531,Rahul27,91,85,57,47,43,55,48,95,34,Inconsistent Learner
532,Mitul33,97,55,62,47,87,69,98,71,67,Inconsistent Learner
533,Ajith90,76,67,45,68,43,52,76,65,98,Inconsistent Learner
534,Arjun26,46,89,94,60,58,32,52,66,66,Inconsistent Learner
535,Sabereesh12,44,53,85,72,61,45,69,89,66,Inconsistent Learner
536,Sneha65,79,67,49,92,58,63,45,72,65,Inconsistent Learner
537,Amit9,48,81,41,49,42,48,78,56,30,Needs Motivation
538,Vijay36,89,73,42,85,70,62,75,52,93,Inconsistent Learner
539,Pradhik98,91,75,41,95,91,85,66,95,85,Inconsistent Learner
540,Vikram82,44,93,75,41,35,56,97,46,76,Inconsistent Learner
541,Priya56,80,91,40,51,71,81,36,57,52,Inconsistent Learner
542,Vikram53,97,69,87,50,66,51,97,32,48,Inconsistent Learner
543,Pradhik36,44,78,71,59,72,45,68,89,55,Inconsistent Learner
544,Vikram98,93,76,79,48,87,44,52,47,78,Practical Learner
545,Ajay23,84,56,91,51,38,48,73,67,98,Inconsistent Learner
546,Vijay66,70,99,85,96,70,72,39,77,50,Struggling Academically
547,Pradhik24,73,48,50,71,76,72,47,67,89,Inconsistent Learner
548,Siva44,56,99,76,87,77,31,44,98,83,Inconsistent Learner
549,Sabereesh60,94,89,94,97,92,93,85,65,48,Inconsistent Learner
550,Kavinaya40,91,77,65,64,79,56,74,46,49,Inconsistent Learner
551,Riya21,65,64,42,43,82,47,99,74,54,Practical Learner
552,Riya84,57,93,76,62,57,49,73,50,53,Inconsistent Learner
553,Rahul92,98,68,62,83,90,35,99,60,34,Inconsistent Learner
554,Riya88,86,47,95,61,86,72,83,99,55,Inconsistent Learner
555,Mitul79,69,83,51,92,55,90,74,30,55,Inconsistent Learner
556,Sabereesh66,65,95,40,79,94,63,55,93,72,Inconsistent Learner
557,Vikram45,95,78,75,47,71,42,67,74,41,Inconsistent Learner
558,Siva37,87,48,89,45,31,88,33,48,33,Inconsistent Learner
559,Ajith30,78,93,67,78,88,56,56,87,32,Inconsistent Learner
560,Balkies43,45,50,72,71,99,69,79,49,81,Practical Learner
561,Arjun76,80,47,41,66,70,65,80,90,45,Inconsistent Learner
562,Arjun35,62,47,93,80,32,69,80,36,37,Inconsistent Learner
563,Rahul13,46,68,62,66,99,72,34,46,88,Practical Learner
564,Sabereesh30,71,84,50,80,75,87,72,48,65,Inconsistent Learner
565,Ajith8,97,54,67,96,58,44,52,69,66,Inconsistent Learner
566,Priya40,71,60,42,60,97,82,48,37,36,Practical Learner
567,Mitul99,81,64,95,45,75,30,87,80,50,Inconsistent Learner
568,Sneha82,95,51,90,73,34,53,87,89,39,Inconsistent Learner
569,Karan7,47,77,42,96,54,48,49,56,70,Inconsistent Learner
570,Pennesh42,45,71,96,42,67,86,65,97,59,Inconsistent Learner
571,Riya97,59,84,54,55,53,70,36,68,99,Inconsistent Learner
572,Ajith68,49,48,78,69,61,99,65,73,73,Inconsistent Learner
573,Balkies27,58,45,51,48,40,30,98,66,47,Inconsistent Learner
574,Pooja60,73,55,57,48,50,78,85,83,94,Theoretical Learner
575,Rahul38,68,76,90,65,54,97,95,37,57,Inconsistent Learner
576,Sabereesh71,91,57,46,82,74,40,40,33,77,Inconsistent Learner
577,Vijay22,40,41,44,70,96,45,86,88,58,Practical Learner
578,Riya19,84,55,40,52,94,36,45,83,86,Practical Learner
579,Amit17,87,92,84,82,45,85,76,96,99,Theoretical Learner
580,Riya2,64,97,77,90,89,56,62,85,73,Inconsistent Learner
581,Ajay31,84,74,60,56,88,39,96,62,34,Practical Learner
582,Mitul43,90,74,55,99,48,72,91,87,94,Theoretical Learner
583,Sneha20,75,65,79,98,83,95,91,81,33,Inconsistent Learner
584,Vijay23,57,55,44,47,41,83,75,66,67,Inconsistent Learner
585,Kavinaya1,49,56,69,57,32,39,73,53,80,Inconsistent Learner
586,Sneha88,51,94,95,72,30,66,98,80,42,Inconsistent Learner
587,Balkies51,64,77,45,74,60,69,49,73,76,Inconsistent Learner
588,Pennesh25,79,87,91,60,84,40,42,39,87,Inconsistent Learner
589,Pradhik9,56,79,63,99,47,59,99,46,88,Inconsistent Learner
590,Sneha94,71,97,51,92,55,58,58,44,30,Inconsistent Learner
591,Siva48,74,58,58,68,34,53,58,93,56,Inconsistent Learner
592,Rahul71,42,87,94,65,52,34,98,70,39,Inconsistent Learner
593,Balkies97,70,83,79,94,58,86,98,41,50,Inconsistent Learner
594,Balkies39,71,81,69,72,93,76,32,99,53,Practical Learner
595,Vijay58,60,93,81,76,89,36,43,96,39,Inconsistent Learner
596,Karan61,46,42,68,98,55,75,63,55,48,Inconsistent Learner
597,Siva65,78,86,59,93,94,74,93,78,41,Inconsistent Learner
598,Vijay73,84,95,86,48,45,84,61,72,87,Inconsistent Learner
599,Rahul78,95,58,61,86,63,30,95,44,75,Inconsistent Learner
600,Pennesh77,65,57,66,54,61,45,98,62,85,Inconsistent Learner
601,Vijay57,49,74,68,96,41,66,52,37,96,Inconsistent Learner
602,Priya11,81,83,68,52,76,69,53,87,37,Inconsistent Learner
603,Riya64,92,74,88,64,99,32,93,45,70,Inconsistent Learner
604,Balkies66,93,79,67,66,81,56,53,70,86,Inconsistent Learner
605,Sabereesh5,84,55,56,44,68,39,85,41,89,Inconsistent Learner
606,Kavinaya7,76,61,92,98,30,73,76,37,70,Inconsistent Learner
607,Priya93,58,64,82,47,84,37,41,83,31,Practical Learner
608,Sneha45,51,76,43,54,48,72,91,51,53,Inconsistent Learner
609,Priya60,83,98,84,90,65,59,77,47,72,Inconsistent Learner
610,Riya75,60,84,97,48,82,63,35,92,63,Practical Learner
611,Ajith91,95,47,41,59,34,40,44,54,91,Inconsistent Learner
612,Sabereesh76,71,83,75,62,46,77,99,34,30,Inconsistent Learner
613,Siva79,71,42,75,95,60,71,56,69,81,Inconsistent Learner
614,Neha48,90,40,99,86,67,58,94,73,61,Inconsistent Learner
615,Vijay95,44,41,44,64,41,98,50,45,34,Needs Motivation
616,Balkies7,54,48,50,64,99,55,45,34,98,Practical Learner
617,Karan80,95,57,97,80,67,56,49,38,51,Struggling Academically
618,Vijay45,73,56,81,67,49,65,71,37,72,Inconsistent Learner
619,Karan34,67,52,46,63,73,68,98,92,88,Inconsistent Learner
620,Karan4,49,46,54,67,58,68,41,38,55,Needs Motivation
621,Ajay35,56,59,67,93,73,56,87,68,96,Inconsistent Learner
622,Pennesh64,96,43,73,46,90,99,45,74,70,Inconsistent Learner
623,Vikram50,69,94,81,59,32,47,84,65,53,Inconsistent Learner
624,Ajay37,48,83,76,61,66,99,71,33,60,Inconsistent Learner
625,Sabereesh18,73,63,80,68,58,59,82,50,89,Inconsistent Learner
626,Sneha50,78,75,89,93,35,45,52,80,66,Inconsistent Learner
627,Arjun82,56,49,45,97,67,46,69,97,40,Inconsistent Learner
628,Riya81,63,83,87,53,65,97,90,76,69,Inconsistent Learner
629,Arjun42,75,52,80,54,58,57,87,30,46,Inconsistent Learner
630,Pradhik85,90,83,45,55,30,90,53,47,95,Inconsistent Learner
631,Pennesh95,65,71,84,49,57,52,47,34,82,Inconsistent Learner
632,Sneha81,50,73,59,59,82,76,32,32,40,Practical Learner
633,Mitul72,53,45,58,50,58,31,77,99,84,Inconsistent Learner
634,Arjun84,59,49,87,46,97,82,50,97,36,Practical Learner
635,Arjun11,78,44,62,97,50,42,42,35,64,Inconsistent Learner
636,Ajay65,41,44,81,63,52,42,78,93,51,Inconsistent Learner
637,Priya23,68,67,45,62,85,36,53,99,68,Practical Learner
638,Pennesh17,96,52,85,44,57,66,64,68,57,Inconsistent Learner
639,Priya19,92,46,85,54,33,68,56,57,88,Inconsistent Learner
640,Mitul34,91,98,43,91,49,32,97,81,64,Inconsistent Learner
641,Pennesh65,48,80,70,56,71,66,91,81,95,Inconsistent Learner
642,Mitul53,53,82,64,98,42,59,90,47,70,Inconsistent Learner
643,Karan46,85,60,86,98,48,92,70,71,45,Inconsistent Learner
644,Balkies76,60,98,93,84,68,33,71,45,35,Struggling Academically
645,Riya74,73,63,62,81,32,86,58,95,62,Inconsistent Learner
646,Ajith89,77,90,73,58,98,51,32,33,38,Practical Learner
647,Amit7,95,69,70,97,56,34,51,65,42,Struggling Academically
648,Balkies44,93,69,99,79,56,47,52,31,75,Struggling Academically
649,Riya44,68,55,63,88,72,96,79,40,71,Inconsistent Learner
650,Sabereesh94,73,83,48,55,43,91,40,42,31,Inconsistent Learner
651,Priya22,66,99,93,56,70,45,69,87,76,Inconsistent Learner
652,Siva23,77,64,66,98,54,84,93,37,93,Inconsistent Learner
653,Karan50,64,45,58,67,69,56,44,31,33,Inconsistent Learner
654,Priya74,58,81,69,94,73,88,94,52,92,Inconsistent Learner
655,Priya35,50,96,62,55,98,77,90,39,58,Practical Learner
656,Pennesh68,68,41,57,50,89,48,78,79,74,Practical Learner
657,Vijay41,69,87,75,91,82,83,40,34,42,Struggling Academically
658,Vijay99,59,92,45,97,69,69,70,81,44,Inconsistent Learner
659,Amit39,70,78,47,43,44,83,66,81,35,Inconsistent Learner
660,Priya22,49,43,61,78,60,31,76,69,85,Inconsistent Learner
661,Sabereesh76,83,44,53,40,99,42,93,90,38,Practical Learner
662,Pooja34,53,95,82,59,59,50,74,53,35,Inconsistent Learner
663,Vikram12,69,73,72,62,65,65,83,60,67,Inconsistent Learner
664,Riya7,63,84,84,57,57,38,89,80,86,Inconsistent Learner
665,Ajith40,96,98,45,75,87,75,58,78,87,Inconsistent Learner
666,Siva11,59,57,64,49,43,94,74,76,39,Inconsistent Learner
667,Rahul44,80,87,62,44,95,82,30,48,34,Practical Learner
668,Karan82,68,81,79,80,49,56,99,50,39,Inconsistent Learner
669,Amit42,98,86,45,46,55,87,42,69,57,Inconsistent Learner
670,Vijay1,81,41,79,50,92,65,31,35,39,Practical Learner
671,Balkies26,74,82,60,66,56,87,40,56,95,Inconsistent Learner
672,Pradhik92,82,67,79,55,56,45,74,32,49,Inconsistent Learner
673,Sabereesh62,44,67,54,70,38,50,36,37,37,Needs Motivation
674,Ajay35,60,79,69,40,88,31,60,80,71,Practical Learner
675,Ajith55,43,95,47,51,59,54,70,82,35,Inconsistent Learner
676,Ajith12,52,48,77,64,95,98,58,95,74,Inconsistent Learner
677,Riya67,40,53,87,82,32,93,69,85,95,Theoretical Learner
678,Kavinaya39,49,51,74,54,90,80,60,31,87,Practical Learner
679,Sabereesh45,66,89,41,86,45,71,31,32,60,Inconsistent Learner
680,Arjun36,71,56,54,74,62,77,83,62,33,Inconsistent Learner
681,Sabereesh27,70,43,93,82,93,36,82,33,73,Practical Learner
682,Ajith16,80,75,84,63,56,35,67,64,57,Inconsistent Learner
683,Riya50,90,41,51,84,71,66,71,78,45,Inconsistent Learner
684,Siva23,53,61,87,58,73,57,65,36,87,Inconsistent Learner
685,Neha29,58,63,73,56,32,67,32,77,80,Inconsistent Learner
686,Vijay30,96,70,91,43,65,94,75,71,48,Inconsistent Learner
687,Vijay11,67,75,72,94,98,74,85,63,63,Inconsistent Learner
688,Pradhik97,42,73,87,67,40,58,69,84,52,Inconsistent Learner
689,Mitul75,95,64,95,55,42,36,64,45,46,Inconsistent Learner
690,Vikram71,85,46,68,47,82,64,99,36,64,Practical Learner
691,Karan62,54,68,85,63,76,68,89,93,69,Inconsistent Learner
692,Arjun44,52,74,83,67,72,69,67,40,51,Inconsistent Learner
693,Sneha79,45,64,93,57,32,73,30,30,98,Inconsistent Learner
694,Pooja22,76,81,88,92,66,47,41,60,41,Struggling Academically
695,Ajay25,81,70,71,62,58,58,65,89,50,Inconsistent Learner
696,Pennesh17,79,64,74,41,75,51,47,86,94,Inconsistent Learner
697,Vikram58,92,64,43,58,72,66,99,46,50,Inconsistent Learner
698,Siva18,93,49,63,73,60,46,30,88,65,Inconsistent Learner
699,Ajay44,90,78,74,72,62,98,57,52,48,Inconsistent Learner
700,Vijay29,50,73,86,47,37,36,67,70,80,Inconsistent Learner
701,Kavinaya10,46,96,96,46,38,97,77,99,66,Theoretical Learner
702,Kavinaya78,42,40,48,54,67,52,78,73,30,Inconsistent Learner
703,Arjun92,79,73,43,49,76,42,50,38,71,Inconsistent Learner
704,Riya58,44,73,43,62,38,90,48,71,99,Inconsistent Learner
705,Mitul61,81,66,43,93,73,88,84,67,49,Inconsistent Learner
706,Pooja11,55,65,52,84,54,70,44,94,61,Inconsistent Learner
707,Pennesh61,58,69,84,78,91,59,73,32,64,Practical Learner
708,Amit3,86,78,86,63,30,91,49,49,81,Inconsistent Learner
709,Amit66,62,77,79,96,74,31,41,88,58,Inconsistent Learner
710,Neha72,73,95,85,73,89,56,79,84,51,Inconsistent Learner
711,Siva95,96,54,65,83,87,42,73,63,91,Practical Learner
712,Mitul23,66,44,55,88,51,71,58,94,47,Inconsistent Learner
713,Pradhik43,65,61,51,48,92,76,43,74,89,Inconsistent Learner
714,Pennesh15,80,75,85,82,92,71,35,82,68,Inconsistent Learner
715,Amit44,92,45,40,56,76,78,62,62,42,Inconsistent Learner
716,Mitul98,74,84,98,92,83,59,81,33,67,Inconsistent Learner
717,Amit72,86,96,54,46,88,67,68,75,38,Practical Learner
718,Rahul22,55,54,74,86,74,71,31,49,76,Inconsistent Learner
719,Pennesh73,96,50,73,73,77,72,63,83,90,Inconsistent Learner
720,Riya88,62,50,58,75,46,88,52,82,46,Inconsistent Learner
721,Riya73,42,70,98,42,35,88,44,88,82,Inconsistent Learner
722,Ajay46,81,53,67,97,64,71,65,49,77,Inconsistent Learner
723,Karan31,44,79,93,61,62,64,67,84,35,Inconsistent Learner
724,Karan46,41,88,65,50,52,44,34,96,62,Inconsistent Learner
725,Pooja36,58,47,41,95,78,76,84,82,94,Inconsistent Learner
726,Siva67,90,77,89,72,60,56,79,95,84,Inconsistent Learner
727,Ajith81,87,95,91,83,57,92,82,40,74,Inconsistent Learner
728,Balkies78,82,62,57,65,94,94,66,84,72,Inconsistent Learner
729,Rahul74,89,96,90,40,83,31,48,64,58,Inconsistent Learner
730,Amit1,62,67,64,97,77,79,94,79,46,Inconsistent Learner
731,Ajay34,86,54,47,43,52,96,72,90,98,Theoretical Learner
732,Rahul39,54,97,81,51,95,90,42,56,98,Inconsistent Learner
733,Vikram96,63,93,53,85,37,64,80,33,44,Inconsistent Learner
734,Rahul84,74,83,55,87,91,43,59,53,44,Practical Learner
735,Priya4,48,54,96,69,70,56,42,76,51,Inconsistent Learner
736,Siva70,89,83,57,77,73,68,86,69,89,Inconsistent Learner
737,Balkies43,57,89,59,55,52,34,65,53,40,Inconsistent Learner
738,Balkies74,83,94,82,80,39,36,48,32,85,Struggling Academically
739,Riya59,67,53,59,48,82,57,55,72,32,Practical Learner
740,Rahul2,85,51,84,99,74,61,50,69,51,Inconsistent Learner
741,Mitul93,75,65,81,92,80,52,50,40,46,Inconsistent Learner
742,Pennesh25,44,98,44,45,61,96,83,57,96,Inconsistent Learner
743,Siva22,43,51,61,63,90,56,42,67,44,Practical Learner
744,Amit98,80,46,66,94,70,81,87,76,52,Inconsistent Learner
745,Riya63,76,49,73,63,30,50,93,55,81,Inconsistent Learner
746,Siva2,87,41,81,67,78,63,50,59,86,Inconsistent Learner
747,Vikram96,43,62,99,42,99,65,48,54,57,Practical Learner
748,Pooja72,63,74,73,69,80,53,68,72,42,Practical Learner
749,Priya97,66,61,50,45,38,63,39,41,86,Needs Motivation
750,Ajith42,92,97,59,68,94,98,69,55,93,Inconsistent Learner
751,Pradhik14,74,40,82,92,33,49,75,97,48,Inconsistent Learner
752,Sabereesh93,73,55,91,95,46,34,70,33,43,Inconsistent Learner
753,Riya38,91,79,50,66,75,97,51,53,58,Inconsistent Learner
754,Ajith98,49,58,70,58,39,89,63,81,81,Inconsistent Learner
755,Arjun48,54,87,69,82,42,68,58,69,65,Inconsistent Learner
756,Ajay46,50,91,74,68,63,90,30,74,70,Inconsistent Learner
757,Pradhik98,90,75,70,68,31,42,78,93,56,Inconsistent Learner
758,Siva83,79,79,84,42,59,96,98,71,50,Inconsistent Learner
759,Sabereesh53,61,53,92,49,98,62,43,87,48,Practical Learner
760,Arjun2,68,49,98,46,88,74,46,40,87,Practical Learner
761,Sabereesh17,71,45,96,60,67,72,86,41,83,Inconsistent Learner
762,Sabereesh82,46,95,99,91,51,43,70,30,31,Struggling Academically
763,Neha52,85,79,80,44,95,97,44,94,41,Practical Learner
764,Sneha80,92,51,82,98,51,48,33,40,58,Struggling Academically
765,Siva50,73,68,96,98,96,36,39,77,55,Struggling Academically
766,Siva21,60,66,91,75,39,96,66,79,53,Inconsistent Learner
767,Amit69,85,58,62,74,86,94,81,78,58,Inconsistent Learner
768,Amit86,83,98,55,83,89,52,87,97,54,Inconsistent Learner
769,Balkies38,47,82,94,50,32,38,48,48,76,Inconsistent Learner
770,Sabereesh14,88,76,50,56,55,36,35,51,96,Inconsistent Learner
771,Ajay34,63,68,52,93,72,75,56,30,46,Inconsistent Learner
772,Vikram19,87,86,45,87,97,87,61,82,42,Inconsistent Learner
773,Mitul76,66,41,96,55,86,93,98,39,36,Practical Learner
774,Riya68,65,66,42,86,61,33,69,74,42,Inconsistent Learner
775,Rahul81,58,99,75,71,43,94,64,79,58,Inconsistent Learner
776,Siva7,85,60,97,97,43,34,53,46,80,Struggling Academically
777,Pradhik79,73,48,45,65,85,51,80,32,47,Practical Learner
778,Rahul57,50,84,92,62,49,71,33,60,61,Inconsistent Learner
779,Arjun28,53,68,55,96,79,58,69,34,50,Inconsistent Learner
780,Pennesh29,93,79,98,58,62,35,41,50,94,Struggling Academically
781,Pennesh18,97,90,46,61,88,80,88,41,53,Practical Learner
782,Karan83,58,93,80,40,62,30,53,66,93,Inconsistent Learner
783,Mitul76,48,85,86,70,60,79,97,47,45,Inconsistent Learner
784,Riya1,98,63,91,41,52,86,60,58,65,Inconsistent Learner
785,Vijay61,63,89,92,47,79,91,99,70,84,Inconsistent Learner
786,Arjun38,73,47,97,83,38,48,54,66,42,Inconsistent Learner
787,Vikram96,70,90,85,87,70,83,96,38,32,Inconsistent Learner
788,Pooja22,68,90,94,47,57,36,54,38,49,Inconsistent Learner
789,Mitul4,42,74,74,47,44,96,77,86,48,Inconsistent Learner
790,Neha93,51,64,70,71,39,65,42,92,66,Inconsistent Learner
791,Pennesh48,69,95,52,91,38,60,77,94,58,Inconsistent Learner
792,Sabereesh59,50,44,57,63,77,32,93,77,97,Inconsistent Learner
793,Kavinaya67,58,69,55,81,68,75,38,30,87,Inconsistent Learner
794,Amit89,64,93,78,56,48,63,90,31,35,Inconsistent Learner
795,Pennesh3,91,68,79,71,54,39,46,49,87,Inconsistent Learner
796,Sabereesh11,54,96,62,73,51,35,90,78,55,Inconsistent Learner
797,Sneha30,47,57,92,74,31,87,48,70,69,Inconsistent Learner
798,Sneha3,85,76,90,52,73,39,72,31,30,Inconsistent Learner
799,Sneha76,94,40,91,96,86,47,94,61,64,Inconsistent Learner
800,Arjun8,62,43,61,63,46,77,44,65,96,Inconsistent Learner
801,Pooja25,44,80,69,97,92,46,96,69,63,Practical Learner
802,Neha40,85,43,57,57,50,84,46,82,43,Inconsistent Learner
803,Arjun73,62,58,52,48,38,37,74,33,51,Needs Motivation
804,Siva82,55,79,75,70,81,84,64,65,56,Practical Learner
805,Rahul21,92,76,71,74,38,91,77,89,76,Theoretical Learner
806,Riya21,90,50,61,71,73,53,61,91,95,Inconsistent Learner
807,Priya30,48,97,94,43,86,54,82,58,34,Practical Learner
808,Neha28,51,97,91,57,98,86,86,96,84,Inconsistent Learner
809,Priya88,89,69,56,88,87,42,60,56,61,Inconsistent Learner
810,Amit84,72,98,80,91,59,94,46,44,94,Inconsistent Learner
811,Vijay28,48,64,87,95,91,74,86,97,79,Inconsistent Learner
812,Sabereesh10,91,88,90,76,72,44,40,78,73,Struggling Academically
813,Pradhik26,79,64,65,68,32,88,57,58,88,Inconsistent Learner
814,Priya93,99,52,59,40,72,71,93,65,99,Inconsistent Learner
815,Arjun39,44,54,94,95,37,68,84,49,51,Inconsistent Learner
816,Siva56,52,60,97,64,47,80,35,86,75,Inconsistent Learner
817,Vijay91,52,42,99,64,50,82,90,92,55,Inconsistent Learner
818,Pradhik42,68,60,78,57,34,56,46,74,57,Inconsistent Learner
819,Rahul84,83,74,41,61,70,70,64,32,45,Inconsistent Learner
820,Rahul95,85,61,99,99,53,63,97,45,63,Inconsistent Learner
821,Riya52,86,57,81,49,86,79,49,55,36,Practical Learner
822,Ajith59,73,47,59,89,92,92,33,52,37,Practical Learner
823,Kavinaya44,79,65,49,40,82,87,37,50,70,Practical Learner
824,Riya81,43,51,86,79,95,66,99,62,70,Inconsistent Learner
825,Pennesh18,90,45,90,66,61,96,74,98,55,Inconsistent Learner
826,Sneha85,63,94,46,91,59,55,66,52,61,Inconsistent Learner
827,Arjun3,60,48,77,74,91,57,85,46,49,Practical Learner
828,Balkies21,81,61,98,42,87,98,72,62,97,Inconsistent Learner
829,Karan34,67,85,65,63,35,44,42,79,78,Inconsistent Learner
830,Sabereesh60,70,56,95,60,74,91,95,38,33,Inconsistent Learner
831,Pennesh15,51,54,94,92,38,45,59,49,68,Inconsistent Learner
832,Pooja11,80,53,60,93,59,83,35,33,91,Inconsistent Learner
833,Amit68,42,75,55,42,67,82,97,94,66,Inconsistent Learner
834,Amit5,42,43,47,89,77,32,97,84,81,Inconsistent Learner
835,Riya87,65,75,41,41,46,70,89,74,65,Inconsistent Learner
836,Priya26,70,49,75,97,48,31,89,91,58,Inconsistent Learner
837,Vijay83,61,44,46,77,83,41,97,54,59,Practical Learner
838,Arjun56,45,80,49,85,87,89,99,69,67,Inconsistent Learner
839,Neha69,66,80,75,59,50,91,41,70,93,Inconsistent Learner
840,Vikram96,78,98,83,79,50,68,93,68,88,Inconsistent Learner
841,Kavinaya88,73,91,76,88,85,52,30,76,99,Inconsistent Learner
842,Arjun2,94,82,56,71,70,95,46,64,84,Inconsistent Learner
843,Vijay17,74,43,71,81,81,92,71,77,95,Inconsistent Learner
844,Neha16,84,96,83,83,42,69,89,91,94,Theoretical Learner
845,Arjun37,93,99,90,54,80,50,53,47,71,Struggling Academically
846,Pooja66,80,83,80,58,47,33,92,41,68,Inconsistent Learner
847,Kavinaya31,74,40,71,63,30,89,84,78,97,Theoretical Learner
848,Amit48,74,46,51,61,42,67,57,35,39,Needs Motivation
849,Ajay12,93,57,94,64,39,65,40,80,93,Inconsistent Learner
850,Pennesh85,68,85,79,62,84,99,94,32,63,Inconsistent Learner
851,Ajay34,98,65,61,76,92,37,66,44,62,Inconsistent Learner
852,Karan30,57,62,56,76,78,58,42,93,56,Inconsistent Learner
853,Ajith93,48,95,53,45,89,32,93,31,54,Practical Learner
854,Riya20,92,70,89,68,88,70,40,61,96,Inconsistent Learner
855,Priya88,69,46,59,62,71,36,35,81,91,Inconsistent Learner
856,Balkies83,74,93,83,97,93,99,83,47,87,Inconsistent Learner
857,Priya67,72,55,43,62,54,35,59,73,80,Inconsistent Learner
858,Pooja19,97,68,45,67,64,57,80,62,55,Inconsistent Learner
859,Pooja88,61,42,59,82,88,69,40,42,50,Practical Learner
860,Amit98,85,72,90,44,45,32,33,45,96,Inconsistent Learner
861,Neha90,92,94,93,61,85,56,86,99,69,Inconsistent Learner
862,Neha56,43,83,85,42,83,84,70,47,56,Practical Learner
863,Vijay3,62,82,91,76,87,48,64,66,77,Inconsistent Learner
864,Sneha33,80,52,68,87,43,91,74,85,93,Theoretical Learner
865,Priya25,98,99,89,65,81,33,44,33,65,Struggling Academically
866,Vijay31,85,92,81,61,59,31,40,68,71,Inconsistent Learner
867,Vijay59,96,70,91,89,48,99,71,82,70,Theoretical Learner
868,Amit8,97,81,93,94,90,65,48,57,99,Inconsistent Learner
869,Balkies17,51,57,79,74,74,87,92,34,76,Inconsistent Learner
870,Pooja39,42,89,44,91,60,90,99,62,94,Inconsistent Learner
871,Vijay12,96,64,60,78,54,39,60,53,36,Inconsistent Learner
872,Karan72,63,53,60,40,50,93,48,57,75,Inconsistent Learner
873,Karan15,66,95,42,64,34,51,82,46,71,Inconsistent Learner
874,Vikram56,60,74,72,68,89,37,82,68,59,Practical Learner
875,Sneha89,40,61,53,64,98,49,85,39,42,Practical Learner
876,Priya19,55,81,84,92,88,99,51,98,37,Inconsistent Learner
877,Priya97,90,60,65,64,73,93,94,99,77,Inconsistent Learner
878,Karan20,61,72,45,73,54,41,34,61,33,Inconsistent Learner
879,Ajay62,42,70,59,99,55,73,56,96,40,Inconsistent Learner
880,Pennesh42,43,45,67,43,77,75,67,90,76,Inconsistent Learner
881,Mitul30,49,56,61,74,77,47,86,36,41,Inconsistent Learner
882,Karan15,84,95,55,80,57,35,50,42,56,Inconsistent Learner
883,Arjun21,54,62,80,70,36,97,78,44,57,Inconsistent Learner
884,Pooja4,79,59,48,60,64,39,71,60,77,Inconsistent Learner
885,Ajay98,87,61,41,84,43,39,54,88,57,Inconsistent Learner
886,Balkies35,82,63,61,89,93,78,72,95,71,Inconsistent Learner
887,Sneha32,92,90,46,77,65,77,37,61,86,Inconsistent Learner
888,Sneha80,58,66,98,73,66,99,75,94,33,Inconsistent Learner
889,Neha22,65,74,69,92,49,34,43,62,84,Inconsistent Learner
890,Sabereesh8,95,50,87,87,32,84,97,84,31,Inconsistent Learner
891,Pennesh10,58,66,86,74,30,48,49,62,93,Inconsistent Learner
892,Pooja12,45,95,48,61,41,56,75,61,58,Inconsistent Learner
893,Arjun8,67,48,95,90,76,78,51,80,83,Inconsistent Learner
894,Riya60,71,89,51,50,51,52,92,60,94,Inconsistent Learner
895,Amit37,51,75,71,49,83,95,76,65,32,Practical Learner
896,Vikram48,64,61,51,44,73,69,73,87,49,Inconsistent Learner
897,Ajay33,41,81,74,62,71,85,81,93,52,Inconsistent Learner
898,Karan15,83,48,87,62,94,30,31,53,76,Practical Learner
899,Riya37,75,79,85,95,35,99,75,95,51,Theoretical Learner
900,Arjun50,45,73,55,67,62,47,51,52,83,Inconsistent Learner
901,Amit58,66,67,96,61,63,37,77,58,94,Inconsistent Learner
902,Kavinaya19,56,55,65,81,60,70,72,31,66,Inconsistent Learner
903,Kavinaya1,89,87,74,62,70,63,39,41,64,Inconsistent Learner
904,Mitul43,59,90,92,75,97,82,57,68,42,Inconsistent Learner
905,Arjun47,40,87,82,55,67,50,50,57,59,Inconsistent Learner
906,Siva55,45,65,98,68,56,71,74,90,34,Inconsistent Learner
907,Pennesh54,79,99,73,78,33,37,78,48,83,Inconsistent Learner
908,Vikram73,41,41,64,43,32,40,36,94,31,Needs Motivation
909,Arjun68,64,93,81,45,44,84,93,82,88,Theoretical Learner
910,Mitul26,85,47,67,74,83,50,72,62,69,Practical Learner
911,Vikram94,88,60,49,84,65,54,88,98,58,Inconsistent Learner
912,Kavinaya90,94,43,82,72,47,37,46,65,35,Inconsistent Learner
913,Arjun72,53,61,87,40,79,71,77,84,55,Inconsistent Learner
914,Vikram57,87,66,87,44,73,68,73,34,54,Inconsistent Learner
915,Neha70,52,99,57,49,60,45,82,64,95,Inconsistent Learner
916,Pradhik11,47,80,47,88,95,37,99,38,55,Practical Learner
917,Amit7,71,65,51,58,45,50,42,70,52,Inconsistent Learner
918,Arjun22,41,53,72,58,82,39,44,66,99,Practical Learner
919,Pooja82,61,66,63,62,87,50,92,96,58,Inconsistent Learner
920,Sabereesh72,93,48,53,47,92,39,58,66,93,Practical Learner
921,Pooja92,93,76,81,50,45,71,64,85,62,Inconsistent Learner
922,Priya59,61,45,47,47,99,36,84,99,84,Inconsistent Learner
923,Karan34,81,43,50,47,60,86,63,92,52,Inconsistent Learner
924,Ajith56,70,87,67,80,48,50,73,79,46,Inconsistent Learner
925,Ajay2,89,52,51,68,95,50,96,70,64,Inconsistent Learner
926,Ajith33,44,57,66,70,94,52,79,80,43,Practical Learner
927,Riya76,48,67,81,61,30,54,33,87,66,Inconsistent Learner
928,Pooja22,51,41,83,76,63,42,67,69,77,Inconsistent Learner
929,Kavinaya68,54,43,57,41,48,39,47,89,64,Needs Motivation
930,Pooja50,54,46,68,51,82,37,83,58,63,Practical Learner
931,Pennesh77,47,94,80,97,50,79,52,96,85,Inconsistent Learner
932,Amit39,57,81,85,59,40,56,75,36,97,Inconsistent Learner
933,Karan22,46,48,88,92,60,56,94,51,95,Inconsistent Learner
934,Sneha47,57,89,87,98,52,83,32,45,48,Struggling Academically
935,Rahul77,86,76,77,70,76,86,43,53,99,Inconsistent Learner
936,Rahul14,64,50,99,90,32,88,55,61,46,Inconsistent Learner
937,Balkies44,84,94,89,83,57,63,67,84,48,Inconsistent Learner
938,Vijay47,77,77,88,59,49,99,52,73,92,Inconsistent Learner
939,Sabereesh16,45,89,55,54,31,30,39,95,83,Inconsistent Learner
940,Arjun89,58,98,47,88,92,46,96,79,37,Practical Learner
941,Siva72,48,49,54,42,86,30,51,30,62,Practical Learner
942,Mitul36,55,76,45,96,30,61,76,91,84,Inconsistent Learner
943,Sabereesh84,83,41,60,49,38,84,58,88,77,Inconsistent Learner
944,Arjun49,56,67,46,73,99,68,63,97,40,Practical Learner
945,Arjun87,72,98,89,80,45,93,76,48,49,Inconsistent Learner
946,Neha40,49,79,54,72,71,80,41,57,63,Inconsistent Learner
947,Sabereesh19,97,95,73,61,43,57,62,87,56,Inconsistent Learner
948,Karan36,97,94,71,53,51,35,48,67,52,Inconsistent Learner
949,Pooja70,50,78,84,62,85,92,72,71,80,Inconsistent Learner
950,Karan18,58,90,84,80,49,77,74,57,61,Inconsistent Learner
951,Ajay96,49,56,52,52,37,56,62,56,65,Needs Motivation
952,Ajay60,76,97,81,54,48,50,83,46,68,Inconsistent Learner
953,Pradhik13,95,47,49,53,86,98,38,30,99,Practical Learner
954,Karan45,99,87,80,57,33,77,57,55,80,Inconsistent Learner
955,Sabereesh24,52,67,86,73,78,82,37,47,83,Inconsistent Learner
956,Neha57,92,51,82,76,87,64,51,71,67,Inconsistent Learner
957,Sneha61,44,42,72,62,86,43,65,33,45,Practical Learner
958,Neha17,94,42,48,88,47,47,63,39,56,Inconsistent Learner
959,Vikram97,61,86,89,53,69,30,94,49,88,Inconsistent Learner
960,Riya17,83,58,86,97,90,84,31,78,85,Inconsistent Learner
961,Mitul56,63,55,51,72,65,46,44,40,53,Inconsistent Learner
962,Priya67,85,49,45,84,42,97,54,74,70,Inconsistent Learner
963,Rahul83,52,58,42,95,64,42,45,74,31,Inconsistent Learner
964,Pooja4,98,93,95,97,83,66,96,60,69,Inconsistent Learner
965,Siva78,66,43,63,88,30,97,54,94,79,Theoretical Learner
966,Siva1,49,43,80,93,99,58,42,63,55,Practical Learner
967,Arjun37,58,47,52,70,94,65,42,95,60,Practical Learner
968,Kavinaya86,54,82,93,82,51,42,66,80,82,Inconsistent Learner
969,Pennesh65,93,62,91,41,96,85,38,33,38,Practical Learner
970,Arjun62,75,53,76,49,66,60,97,87,94,Inconsistent Learner
971,Rahul53,81,71,89,53,64,42,31,79,49,Inconsistent Learner
972,Ajith28,56,62,74,71,35,52,66,95,99,Inconsistent Learner
973,Neha72,90,97,46,62,74,85,79,52,60,Inconsistent Learner
974,Pennesh52,76,95,94,63,80,95,63,65,74,Inconsistent Learner
975,Mitul65,51,90,42,60,49,73,94,69,90,Theoretical Learner
976,Balkies99,90,80,93,45,72,60,87,69,47,Inconsistent Learner
977,Siva32,69,95,75,79,53,73,96,72,73,Inconsistent Learner
978,Mitul66,68,90,64,90,55,86,80,95,51,Inconsistent Learner
979,Ajith37,92,44,70,48,36,97,81,85,62,Theoretical Learner
980,Siva95,93,61,99,98,34,79,39,48,51,Struggling Academically
981,Neha57,79,48,50,87,64,84,36,90,81,Inconsistent Learner
982,Kavinaya63,50,40,62,89,71,91,36,41,94,Inconsistent Learner
983,Pradhik22,62,54,63,85,33,96,41,38,61,Inconsistent Learner
984,Pradhik39,99,40,43,82,59,80,80,88,95,Theoretical Learner
985,Ajay97,56,46,82,79,62,36,86,90,65,Inconsistent Learner
986,Neha3,68,43,40,53,37,88,35,87,96,Inconsistent Learner
987,Sneha51,42,91,71,41,37,59,34,75,77,Inconsistent Learner
988,Kavinaya71,72,94,66,47,94,54,81,39,66,Practical Learner
989,Vijay70,52,85,91,47,93,49,68,54,84,Practical Learner
990,Sabereesh81,45,59,49,54,92,89,67,59,35,Practical Learner
991,Siva80,48,84,91,73,67,45,86,72,35,Inconsistent Learner
992,Siva21,98,93,88,76,61,72,57,81,42,Inconsistent Learner
993,Karan38,71,76,43,46,95,33,90,71,67,Practical Learner
994,Sabereesh46,67,55,44,77,98,70,66,55,50,Practical Learner
995,Vijay86,92,46,75,54,50,51,67,79,89,Inconsistent Learner
996,Rahul2,77,72,57,53,57,62,69,94,61,Inconsistent Learner
997,Pennesh81,51,84,67,41,37,51,53,62,72,Inconsistent Learner
998,Pradhik30,66,68,64,95,45,93,30,95,66,Inconsistent Learner
999,Vikram55,62,86,56,81,54,95,76,71,69,Inconsistent Learner
1000,Priya25,99,54,92,63,59,72,89,99,59,Inconsistent Learner
